Code,Name,Url,Rating,Difficulty,Tags
26,Finance for Everyone: Debt,https://coursera.org/learn/finance-debt,4.7,None,'Finance'
34,Digital Product Management: Modern Fundamentals,https://coursera.org/learn/uva-darden-digital-product-management,4.7,Beginner Level,'Leadership and Management'
35,Digital Competition in Financial Services,https://coursera.org/learn/digital-competition-financial-services,4.6,Beginner Level,'Business Strategy'
41,Identifying Social Entrepreneurship Opportunities,https://coursera.org/learn/social-entrepreneurship-opportunities,4.6,Beginner Level,'Entrepreneurship'
43,Global Strategy I: How The Global Economy Works,https://coursera.org/learn/global-strategy,4.9,None,'Business Strategy'
44,Quantitative Research,https://coursera.org/learn/quantitative-research,4.2,Intermediate Level,'Marketing'
51,Forensic Accounting and Fraud Examination,https://coursera.org/learn/forensic-accounting,4.7,None,'Finance'
53,Strategic Business Management - Macroeconomics,https://coursera.org/learn/strategic-business-management-macroeconomics,4.8,Beginner Level,'Business Strategy'
61,Managerial Accounting Fundamentals,https://coursera.org/learn/uva-darden-managerial-accounting,4.8,Beginner Level,'Finance'
62,The Strategy of Content Marketing,https://coursera.org/learn/content-marketing,4.5,Intermediate Level,'Marketing'
74,Supply chain management: Be global,https://coursera.org/learn/supply-chain-management-global,4.8,Beginner Level,'Business Strategy'
78,CAPSTONE: Your Leadership Challenge,https://coursera.org/learn/leadership-challenge,4.5,None,'Leadership and Management'
82,Effective Problem-Solving and Decision-Making,https://coursera.org/learn/problem-solving,4.3,None,'Business Essentials'
86,Organizational Design and Management,https://coursera.org/learn/organizational-design-management,4.7,Beginner Level,'Business Strategy'
96,Giving 2.0: The MOOC,https://coursera.org/learn/philanthropist,4.6,None,'Business Strategy'
98,Survey analysis to Gain Marketing Insights,https://coursera.org/learn/survey-analysis-marketing-insights,4.4,None,'Marketing'
99,Construction Project Management,https://coursera.org/learn/construction-project-management,4.8,Beginner Level,'Business Strategy'
102,Introduction to the Nonprofit SectorNonprofit OrganizationsNonprofit Leadership and Governance,https://coursera.org/learn/nonprofit-organizations,4.4,None,'Leadership and Management'
107,Intelligence Tools for the Digital Age,https://coursera.org/learn/intelligence-tools-digital-age,4.6,Beginner Level,'Leadership and Management'
109,Marketing Internacional en Asia,https://coursera.org/learn/marketing-internacional-asia,4.8,Beginner Level,'Marketing'
113,Valuation for Startups Using Multiple Approach,https://coursera.org/learn/valuation-multiples,4.2,Beginner Level,'Finance'
129,Introduction to Spreadsheets and Models,https://coursera.org/learn/wharton-introduction-spreadsheets-models,4.2,None,'Business Essentials'
132,Advanced Portfolio Construction and Analysis with Python,https://coursera.org/learn/advanced-portfolio-construction-python,4.8,Intermediate Level,'Finance'
133,Marketing Analytics,https://coursera.org/learn/uva-darden-market-analytics,4.6,Beginner Level,'Marketing'
134,Creativity Toolkit I: Changing Perspectives,https://coursera.org/learn/creativity-toolkit-1,4.7,None,'Entrepreneurship'
138,Decision-Making and Scenarios,https://coursera.org/learn/wharton-decision-making-scenarios,4.6,None,'Business Essentials'
142,Managerial Economics and Business Analysis Capstone,https://coursera.org/learn/managerial-economics-capstone,4.6,Beginner Level,'Business Essentials'
146,Innovation Through Design: ThinkMakeBreakRepeat,https://coursera.org/learn/innovation-through-design,4.8,Beginner Level,'Entrepreneurship'
150,Design Thinking,https://coursera.org/learn/design-thinking-innovation,4.6,Beginner Level,'Entrepreneurship'
155,Marketing Gerencial,https://coursera.org/learn/marketing-gerencial,4.8,Intermediate Level,'Finance'
157,Leading transformations: Manage change,https://coursera.org/learn/change-management,4.5,Beginner Level,'Leadership and Management'
160,Entrepreneurship Strategy: From Ideation to Exit,https://coursera.org/learn/entrepreneurship-strategy,4.8,Beginner Level,'Leadership and Management'
161,Conflict Resolution Skills,https://coursera.org/learn/conflict-resolution-skills,4.3,None,'Business Essentials'
165,The Science of Success: What Researchers Know that You Should Know,https://coursera.org/learn/success,4.8,Beginner Level,'Leadership and Management'
175,Financial Analysis for Startups,https://coursera.org/learn/financial-ratios,4.4,Beginner Level,'Finance'
176,Arts and Heritage Management,https://coursera.org/learn/arts-heritage,4.8,None,'Marketing'
177,Fundamentals of Quantitative Modeling,https://coursera.org/learn/wharton-quantitative-modeling,4.6,None,'Business Essentials'
179,Enterprise Architecture,https://coursera.org/learn/enterprise-architecture,None,Beginner Level,'Business Essentials'
183,Inferential and Predictive Statistics for Business,https://coursera.org/learn/business-statistics,4.8,None,'Business Essentials'
186,What is Social?,https://coursera.org/learn/what-is-social,4.6,None,'Marketing'
189,Managerial Accounting: Cost BehaviorsSystemsand Analysis,https://coursera.org/learn/accounting-for-managers,4.7,None,'Finance'
191,Professional Responsibility and Ethics for Accountants,https://coursera.org/learn/ethics,None,None,'Leadership and Management'
192,Sustainable Business Enterprises,https://coursera.org/learn/sustainable-business-enterprises,4.4,None,'Business Strategy'
215,Supply Chain Finance Market and Fintech Ecosystem,https://coursera.org/learn/supply-chain-finance-market-fintech-ecosystem,4.5,Intermediate Level,'Finance'
225,Corporate Financial Decision-Making for Value Creation,https://coursera.org/learn/value-creation,4.7,None,'Finance'
227,Trading Algorithms,https://coursera.org/learn/trading-algorithm,4.6,Intermediate Level,'Finance'
234,Financial Engineering and Risk Management Part II,https://coursera.org/learn/financial-engineering-2,4.7,None,'Finance'
238,Formal Financial Accounting,https://coursera.org/learn/formal-financial-accounting,4.6,Intermediate Level,'Business Essentials'
241,Design your own trading strategy â€“ Culminating Project,https://coursera.org/learn/design-trading-strategy-culminating-project,4.5,Intermediate Level,'Finance'
242,Predictive Analytics and Data Mining,https://coursera.org/learn/predictive-analytics-data-mining,4.2,Intermediate Level,'Leadership and Management'
244,Intro to International Marketing,https://coursera.org/learn/intro-international-marketing,4.7,None,'Marketing'
256,Six Sigma Tools for Improve and Control,https://coursera.org/learn/six-sigma-improve-control,4.7,Beginner Level,'Business Essentials'
257,Entrepreneurship I: Laying the Foundation,https://coursera.org/learn/entrepreneurship-1,4.8,None,'Entrepreneurship'
260,Corporate Finance Essentials,https://coursera.org/learn/corporate-finance-essentials,4.8,None,'Finance'
262,Accounting and Finance for IT professionals,https://coursera.org/learn/accounting-finance,4.4,Beginner Level,'Finance'
263,Career planning: Your careeryour life,https://coursera.org/learn/career-development-planning,None,None,'Leadership and Management'
264,Financial Accounting Fundamentals,https://coursera.org/learn/uva-darden-financial-accounting,4.8,Beginner Level,'Business Essentials'
265,Transacting on the Blockchain,https://coursera.org/learn/transacting-blockchain,4.8,Intermediate Level,'Business Strategy'
291,Interpersonal Communication for Engineering Leaders,https://coursera.org/learn/interpersonal-communication,4.7,None,'Leadership and Management'
292,Fundamentals of Project Planning and Management,https://coursera.org/learn/uva-darden-project-management,4.7,Beginner Level,'Business Essentials'
296,Simulation Skills: This is Your Brain on the Future,https://coursera.org/learn/simulation-skills,4.8,Beginner Level,'Business Essentials'
311,Fundraising and Development Foundations,https://coursera.org/learn/fundraising-development,4.6,Beginner Level,'Business Strategy'
313,Financial Planning for Young Adults,https://coursera.org/learn/financial-planning,4.5,Beginner Level,'Finance'
318,Capitalismo Consciente,https://coursera.org/learn/capitalismo-consciente,4.5,None,'Business Strategy'
319,Doing Business in China Capstone,https://coursera.org/learn/doing-business-in-china-capstone,4.3,Beginner Level,'Business Strategy'
321,The Language and Tools of Financial Analysis,https://coursera.org/learn/financial-analysis,4.6,None,'Finance'
326,Leadership Through Social Influence,https://coursera.org/learn/leadership-socialinfluence,4.6,None,'Leadership and Management'
338,Strategic management: Be competitive,https://coursera.org/learn/strategic-management-be-competitive,5,Beginner Level,'Business Strategy'
349,Securing Investment Returns in the Long Run,https://coursera.org/learn/investment-returns-long-run,4.7,None,'Finance'
352,Entrepreneurial Strategic Management,https://coursera.org/learn/entrepreneurial-strategic-management,4.4,None,'Entrepreneurship'
356,An Introduction to Consumer Neuroscience & Neuromarketing,https://coursera.org/learn/neuromarketing,4.7,Beginner Level,'Leadership and Management'
357,Privacy Law and HIPAA,https://coursera.org/learn/privacy-law-hipaa,None,None,'Business Essentials'
362,Graphic Design,https://coursera.org/learn/presentation-design,4.7,Beginner Level,'Business Essentials'
371,Accounting for Decision Making,https://coursera.org/learn/accounting,4.8,Intermediate Level,'Finance'
383,Content Strategy for Professionals: Managing Content,https://coursera.org/learn/content-management-strategy,4.6,None,'Marketing'
387,Marketing: Customer Needs and Wants,https://coursera.org/learn/marketing-customers,4.4,None,'Business Strategy'
390,Introduction to Operations Management,https://coursera.org/learn/wharton-operations,4.5,None,'Leadership and Management'
392,High Performance Collaboration: LeadershipTeamworkand Negotiation,https://coursera.org/learn/leadership-collaboration,4.8,None,'Leadership and Management'
395,Introduction to Corporate Finance,https://coursera.org/learn/wharton-finance,4.6,None,'Finance'
398,Corporate Strategy,https://coursera.org/learn/corporatestrategy,4.8,Beginner Level,'Business Strategy'
400,Digital Transformation,https://coursera.org/learn/bcg-uva-darden-digital-transformation,4.8,Beginner Level,'Leadership and Management'
403,Global sustainability and corporate social responsibility: Be sustainable,https://coursera.org/learn/global-sustainability-be-sustainable,4.8,Beginner Level,'Business Strategy'
405,The fundamentals of hotel distribution,https://coursera.org/learn/hotel-distribution,4.7,None,'Business Strategy'
417,Green Business Strategy,https://coursera.org/learn/green-business-strategy,4.5,Beginner Level,'Business Strategy'
420,Pharmaceutical and Medical Device Innovations,https://coursera.org/learn/pharma-medical-device-innovations,4.4,Beginner Level,'Finance'
422,Modeling Risk and Realities,https://coursera.org/learn/wharton-risk-models,4.6,None,'Business Essentials'
428,How Entrepreneurs in Emerging Markets can master the Blockchain Technology,https://coursera.org/learn/entrepreneurs-blockchain-technology,4.7,Beginner Level,'Finance'
430,Management and financial accounting: Know your numbers 1,https://coursera.org/learn/management-accounting,4.5,Beginner Level,'Business Essentials'
441,Innovating with the Business Model Canvas,https://coursera.org/learn/uva-darden-innovation-business-model-canvas,4.6,Beginner Level,'Leadership and Management'
444,Design-Led Strategy: Design thinking for business strategy and entrepreneurship,https://coursera.org/learn/design-strategy,4.6,Intermediate Level,'Business Strategy'
446,Business Strategy,https://coursera.org/learn/strategy-business,4.8,None,'Business Strategy'
449,The 3D Printing Revolution,https://coursera.org/learn/3d-printing-revolution,4.7,Beginner Level,'Entrepreneurship'
450,Analysis of Business Problems,https://coursera.org/learn/analysis-business-problem-iese,4.7,None,'Marketing'
461,Application of AIInsurTechand Real Estate Technology,https://coursera.org/learn/wharton-ai-application-insurtech-real-estate-technology,4.6,None,'Finance'
468,Innovation for Entrepreneurs: From Idea to Marketplace,https://coursera.org/learn/innovative-entrepreneur,4.4,None,'Entrepreneurship'
470,Inspiring and Motivating Individuals,https://coursera.org/learn/motivate-people-teams,4.8,None,'Leadership and Management'
475,Capstone Value Creation through Innovation,https://coursera.org/learn/capstone-value-creation-innovation,None,Intermediate Level,'Entrepreneurship'
476,Standardisation & Technology,https://coursera.org/learn/standardisation,None,Beginner Level,'Business Strategy'
480,Finance for Non-Finance Professionals,https://coursera.org/learn/finance-for-non-finance,4.8,Beginner Level,'Finance'
487,Doing Business in Russia,https://coursera.org/learn/business-russia,None,Beginner Level,'Business Essentials'
488,Blockchain and Business: Applications and Implications,https://coursera.org/learn/blockchain-business,4.7,None,'Business Essentials'
489,From Brand to Image: Creating High Impact Campaigns That Tell Brand Stories,https://coursera.org/learn/brand-image-high-impact-campaign,4.6,Beginner Level,'Marketing'
497,Sustainable Fashion,https://coursera.org/learn/sustainable-fashion,None,Beginner Level,'Business Strategy'
499,Corporate Sustainability. Understanding and Seizing the Strategic Opportunity,https://coursera.org/learn/corp-sustainability,4.6,None,'Business Strategy'
508,Statistics for International Business,https://coursera.org/learn/statistics-international-business,3.6,None,'Finance'
520,Digital Transformation of Financial Services - Capstone Project,https://coursera.org/learn/digital-transformation-financial-services-project,4.3,Intermediate Level,'Business Strategy'
521,Native Advertising,https://coursera.org/learn/native-advertising,None,Beginner Level,'Marketing'
525,Fundamentals of Management,https://coursera.org/learn/fundamentals-of-management,4.5,None,'Leadership and Management'
528,Managing Talent,https://coursera.org/learn/managing-talent,4.5,None,'Leadership and Management'
534,Value Chain Management Capstone,https://coursera.org/learn/value-chain-capstone,4.8,Intermediate Level,'Leadership and Management'
551,Operations Analytics,https://coursera.org/learn/wharton-operations-analytics,4.7,None,'Business Strategy'
554,Keeping up with Change: Issues for the Finance Professional,https://coursera.org/learn/change-for-the-finance-professional,4.7,None,'Finance'
555,How To Land the Job You Want (Capstone Project),https://coursera.org/learn/job-interview-capstone,None,None,'Business Strategy'
562,First Steps in Making the Business Case for Sustainability,https://coursera.org/learn/sustainable-business,4.7,Beginner Level,'Leadership and Management'
563,Cost and Economics in Pricing Strategy,https://coursera.org/learn/uva-darden-bcg-pricing-strategy-cost-economics,4.8,Beginner Level,'Marketing'
568,FinTech: FoundationsPaymentsand Regulations,https://coursera.org/learn/wharton-fintech-overview-payments-regulations,4.7,Beginner Level,'Business Essentials'
578,Social Impact Strategy: Tools for Entrepreneurs and Innovators,https://coursera.org/learn/social-impact,4.8,Beginner Level,'Entrepreneurship'
586,Relationship Management,https://coursera.org/learn/relationship-management,4.7,Advanced Level,'Leadership and Management'
591,International Leadership and Organizational Behavior,https://coursera.org/learn/organizational-behavior,4.7,None,'Leadership and Management'
601,3D Printing Applications,https://coursera.org/learn/3d-printing-applications,4.6,Beginner Level,'Entrepreneurship'
602,Strategic Management of Innovation,https://coursera.org/learn/strategic-management-of-innovation,4.7,None,'Business Strategy'
603,Fundamentals of Accounting Capstone,https://coursera.org/learn/accounting-fundamentals-project,None,Beginner Level,'Business Essentials'
606,Coaching Practices,https://coursera.org/learn/coaching-practices,4.7,None,'Leadership and Management'
612,Human Resources Management Capstone: HR for People Managers,https://coursera.org/learn/human-resources-management-capstone,4.8,None,'Leadership and Management'
616,Cultural intelligence: Become a global citizen,https://coursera.org/learn/cultural-intelligence,None,None,'Leadership and Management'
620,Python and Machine-Learning for Asset Management with Alternative Data Sets,https://coursera.org/learn/machine-learning-asset-management-alternative-data,4.6,Intermediate Level,'Finance'
627,Management Fundamentals,https://coursera.org/learn/management-fundamentals-healthcare-administrators,4.6,Beginner Level,'Leadership and Management'
630,International and Cross-Cultural Negotiation,https://coursera.org/learn/international-negotiation,4.7,Intermediate Level,'Leadership and Management'
635,Auditing II: The Practice of Auditing,https://coursera.org/learn/auditing-part2-the-practice,4.7,None,'Business Essentials'
647,Leadership Communication for Maximum Impact: Storytelling,https://coursera.org/learn/leadership-storytelling,4.5,None,'Leadership and Management'
651,Pricing Strategy in Practice,https://coursera.org/learn/uva-darden-bcg-pricing-strategy-practice,4.7,Intermediate Level,'Marketing'
654,Investment Strategy,https://coursera.org/learn/investment-philosophy,4.4,Intermediate Level,'Finance'
655,Sustainable Business: Big IssuesBig Changes,https://coursera.org/learn/sustainable-business-changes,4.6,Beginner Level,'Leadership and Management'
659,Entrepreneurship,https://coursera.org/learn/entrepreneurship,4.7,Beginner Level,'Business Strategy'
661,Mergers and Acquisitions â€“ The Relentless Pursuit of Synergy,https://coursera.org/learn/mergers-and-acquisitions,4.4,Intermediate Level,'Finance'
662,Channel Management and Retailing,https://coursera.org/learn/channel-management,4.3,Beginner Level,'Marketing'
669,Trading Basics,https://coursera.org/learn/trading-basics,4.2,Beginner Level,'Finance'
679,Accounting Analysis I: The Role of Accounting as an Information System,https://coursera.org/learn/accounting-information-system,4.9,Intermediate Level,'Business Essentials'
695,Finance for Everyone: Markets,https://coursera.org/learn/finance-markets,4.6,Beginner Level,'Finance'
696,Social Marketing Capstone Project,https://coursera.org/learn/social-marketing-capstone,4.9,None,'Marketing'
698,New Models of Business in Society,https://coursera.org/learn/uva-darden-business-society,4.6,None,'Leadership and Management'
703,Sales & Marketing Alignment,https://coursera.org/learn/sales-marketing-alignment,4.5,Intermediate Level,'Business Strategy'
710,Advanced Financial Reporting: Accounting for Business Combinations and Preparation of Consolidated Financial Statements,https://coursera.org/learn/advanced-financial-reporting,4.8,Advanced Level,'Business Essentials'
733,Qualitative Research,https://coursera.org/learn/qualitative-research,4.5,Intermediate Level,'Marketing'
735,The Search for Great Ideas: Harnessing creativity to empower innovation.,https://coursera.org/learn/start-your-own-business-2-ideation,3.8,None,'Entrepreneurship'
746,New Venture Finance: Startup Funding for Entrepreneurs,https://coursera.org/learn/startup-funding,4.6,None,'Entrepreneurship'
752,Ethical Leadership Through Giving Voice to Values,https://coursera.org/learn/uva-darden-giving-voice-to-values,4.7,Beginner Level,'Leadership and Management'
753,Leading Positive Change through Appreciative Inquiry,https://coursera.org/learn/appreciative-inquiry,4.7,None,'Leadership and Management'
756,Construction Finance,https://coursera.org/learn/construction-finance,4.8,Beginner Level,'Business Strategy'
759,Six Sigma Advanced Define and Measure Phases,https://coursera.org/learn/six-sigma-define-measure-advanced,4.7,Intermediate Level,'Leadership and Management'
760,Corporate Strategy,https://coursera.org/learn/corporate-strategy,4.6,None,'Business Strategy'
762,Marketing Verde,https://coursera.org/learn/marketing-verde,4.8,None,'Marketing'
763,Capstone Project: Business Technology Management,https://coursera.org/learn/business-tech-project,4.3,Beginner Level,'Business Strategy'
765,Influencer Marketing Strategy,https://coursera.org/learn/influencer-marketing-strategy,4.5,Intermediate Level,'Marketing'
767,International Entertainment and Sports Marketing,https://coursera.org/learn/international-entertainment-sports-marketing,4.6,None,'Marketing'
768,Nursing Informatics Leaders,https://coursera.org/learn/health-informatics-leadership,4.4,Beginner Level,'Leadership and Management'
772,The Power of Markets II: Market Structure and Firm Behavior,https://coursera.org/learn/market-structure,4.7,None,'Business Essentials'
773,Career Success Project,https://coursera.org/learn/career-success-capstone,4.5,None,'Business Essentials'
780,FinTech Risk Management,https://coursera.org/learn/fintech-risk-management,4.5,Beginner Level,'Business Essentials'
797,Decision Criteria & Applications,https://coursera.org/learn/decision-criteria-and-applications,4.7,Beginner Level,'Finance'
809,Diversity and inclusion in the workplace,https://coursera.org/learn/diversity-inclusion-workplace,4.7,Beginner Level,'Leadership and Management'
810,Python and Statistics for Financial Analysis,https://coursera.org/learn/python-statistics-financial-analysis,4.5,Beginner Level,'Finance'
821,International Business I,https://coursera.org/learn/international-business,4.6,None,'Business Strategy'
844,Leading People and Teams Capstone,https://coursera.org/learn/leading-teams-project,4.7,None,'Leadership and Management'
856,Grow to Greatness: Smart Growth for Private BusinessesPart I,https://coursera.org/learn/uva-darden-smart-growth-strategy-1,4.7,None,'Business Strategy'
860,Game Developers and Esports Organizations,https://coursera.org/learn/game-developers-esports-organizations,4.5,Beginner Level,'Leadership and Management'
861,Knowledge Exchange: UsingProtecting and Monetizing Ideas with Third Parties,https://coursera.org/learn/knowledge-exchange,4.3,Intermediate Level,'Entrepreneurship'
862,The Power of Markets III: Input Markets and Promoting Efficiency,https://coursera.org/learn/market-efficiency,4.8,None,'Business Essentials'
872,Infonomics I: Business Information Economics and Data Monetization,https://coursera.org/learn/infonomics-1,4.6,Beginner Level,'Business Essentials'
873,Taxation of Business Entities I: Corporations,https://coursera.org/learn/taxation-business-entities-part-1,4.6,Intermediate Level,'Business Essentials'
876,Business Models for Innovative Care for Older People,https://coursera.org/learn/business-models-innovative-care,4.5,Intermediate Level,'Entrepreneurship'
879,The Olympic Games and the Media,https://coursera.org/learn/olympic-games,4.7,Beginner Level,'Marketing'
882,Marketing Management II,https://coursera.org/learn/marketing-management-two,4.8,None,'Marketing'
885,Presentation skills: Public Speaking Project,https://coursera.org/learn/public-speaking-project,4.7,Intermediate Level,'Business Essentials'
895,Digital Analytics for Marketing Professionals: Marketing Analytics in Theory,https://coursera.org/learn/marketing-analytics,4.5,None,'Marketing'
897,Grow to Greatness: Smart Growth for Private BusinessesPart II,https://coursera.org/learn/uva-darden-smart-growth-strategy-2,4.8,None,'Business Strategy'
907,RecruitingHiringand Onboarding Employees,https://coursera.org/learn/recruiting-hiring-onboarding-employees,4.7,None,'Business Essentials'
909,Managing Uncertainty in Marketing Analytics,https://coursera.org/learn/uncertainty-marketing-decisions,4.3,Intermediate Level,'Marketing'
911,Contabilidad para no contadores,https://coursera.org/learn/contabilidad,4.7,Beginner Level,'Finance'
921,Risk governance: Engage the board,https://coursera.org/learn/risk-governance-engage-the-board,4.9,Beginner Level,'Leadership and Management'
929,Market Research and Consumer Behavior,https://coursera.org/learn/market-research,4.2,Beginner Level,'Marketing'
930,Leadership Through Design Innovation,https://coursera.org/learn/leadership-design-innovation,4.1,None,'Leadership and Management'
942,Innovation Career Lessons from a Master,https://coursera.org/learn/startup-entrepreneurship-innovation-career-lessons,4.3,Beginner Level,'Entrepreneurship'
951,Financial Markets and Investment Strategy Capstone,https://coursera.org/learn/investment-strategy-capstone,4.7,Beginner Level,'Finance'
957,Evaluating Problems,https://coursera.org/learn/evaluating-problems,4.7,Beginner Level,'Leadership and Management'
960,Power Onboarding,https://coursera.org/learn/power-onboarding,4.2,Beginner Level,'Leadership and Management'
961,The Importance of Listening,https://coursera.org/learn/importance-of-listening,4.6,None,'Marketing'
970,Investment Strategies and Portfolio Analysis,https://coursera.org/learn/investment-strategies-portfolio-analysis,4.1,None,'Finance'
975,International B2B (Business to Business) Marketing,https://coursera.org/learn/b2b-marketing,4.6,None,'Marketing'
976,Effective Business Presentations with Powerpoint,https://coursera.org/learn/powerpoint-presentations,4.6,Beginner Level,'Business Essentials'
981,Introduction to Business Analytics: Communicating with Data,https://coursera.org/learn/intro-business-analytics,4.8,Intermediate Level,'Leadership and Management'
990,Strategic Innovation: Building and Sustaining Innovative Organizations,https://coursera.org/learn/strategic-innovation-building-and-sustaining-innovative-organizations,4.8,None,'Marketing'
991,Intercultural Communication and Conflict Resolution,https://coursera.org/learn/intercultural-communication,4.2,None,'Business Essentials'
1000,Project Practicum with Multiple Projects,https://coursera.org/learn/project-practicum-with-multiple-projects,4.7,Beginner Level,'Leadership and Management'
1002,Operations Management: Strategy and Quality Management for the Digital Age,https://coursera.org/learn/process-improvement,4.5,None,'Business Strategy'
1005,Intercultural Management,https://coursera.org/learn/intercultural,4.5,Beginner Level,'Leadership and Management'
1011,Country Level Economics: PoliciesInstitutionsand Macroeconomic Performance,https://coursera.org/learn/macroeconomic-factors,4.4,Beginner Level,'Finance'
1030,Communication in the 21st Century Workplace,https://coursera.org/learn/communication-in-the-workplace,4.2,None,'Business Essentials'
1031,Anticipating Your Next Battlein Business and Beyond,https://coursera.org/learn/anticipate,4.5,Beginner Level,'Business Strategy'
1032,Mastering Final Cut Pro,https://coursera.org/learn/mastering-final-cut-pro,None,Beginner Level,'Business Essentials'
1034,Valuation for Startups Using Discounted Cash Flows Approach,https://coursera.org/learn/discounted-cash-flow,4.3,Beginner Level,'Finance'
1037,Introduction to Blockchain Technologies,https://coursera.org/learn/introduction-blockchain-technologies,4.8,Beginner Level,'Business Essentials'
1042,Country Level Economics: Macroeconomic Variables and Markets,https://coursera.org/learn/country-level-economics,4.2,None,'Finance'
1048,Data Modeling and Regression Analysis in Business,https://coursera.org/learn/data-modeling-regression-analysis-business,4.3,Intermediate Level,'Leadership and Management'
1051,Private Equity and Venture Capital,https://coursera.org/learn/private-equity,4.8,None,'Finance'
1052,The Role of Global Capital Markets,https://coursera.org/learn/capital-markets,4.6,None,'Finance'
1054,Finance for Non-Financial Managers,https://coursera.org/learn/finance-for-non-financial-managers,4.5,Intermediate Level,'Finance'
1056,Applying Data Analytics in Finance,https://coursera.org/learn/applying-data-analytics-business-in-finance,4.6,Intermediate Level,'Leadership and Management'
1058,Global Financial Markets and Instruments,https://coursera.org/learn/global-financial-markets-instruments,4.6,None,'Finance'
1064,Introduction to Negotiation: A Strategic Playbook for Becoming a Principled and Persuasive Negotiator,https://coursera.org/learn/negotiation,4.8,None,'Business Essentials'
1065,Accounting Analytics,https://coursera.org/learn/accounting-analytics,4.5,None,'Finance'
1068,Financing and Investing in Infrastructure,https://coursera.org/learn/infrastructure-investing,4.8,None,'Finance'
1069,Fundamentos del marketing mix,https://coursera.org/learn/fundamentos-marketing-mix,4.5,Beginner Level,'Marketing'
1075,Sustainable Innovation for Subsistence Marketplaces,https://coursera.org/learn/subsistence-marketplaces-1,4.5,Beginner Level,'Leadership and Management'
1078,Customer Analytics,https://coursera.org/learn/wharton-customer-analytics,4.5,None,'Business Strategy'
1081,Federal Taxation II: Property Transactions of Business Owners and Shareholders,https://coursera.org/learn/federal-taxation-business,4.9,Intermediate Level,'Business Essentials'
1082,Wharton Business Foundations Capstone,https://coursera.org/learn/wharton-capstone,4.6,None,'Business Essentials'
1084,Action-Driven Business Plan: From the â€˜Classroomâ€™ to the World,https://coursera.org/learn/startup-entrepreneurship-capstone,None,None,'Entrepreneurship'
1091,Writing Professional Email and Memos (Project-Centered Course),https://coursera.org/learn/professional-emails,4.3,None,'Business Essentials'
1094,Entrepreneurship 4: Financing and Profitability,https://coursera.org/learn/wharton-entrepreneurship-financing-profitabilty,4.8,None,'Entrepreneurship'
1098,Culture-Driven Team Building Capstone,https://coursera.org/learn/team-building-capstone,4.5,Beginner Level,'Leadership and Management'
1105,Creating a Team Culture of Continuous Learning,https://coursera.org/learn/continuous-learning-culture,4.6,None,'Leadership and Management'
1106,Organizational Leadership Capstone,https://coursera.org/learn/leadership-capstone,4.7,None,'Leadership and Management'
1107,Becoming a changemaker: Introduction to Social Innovation,https://coursera.org/learn/social-innovation,4.8,Beginner Level,'Entrepreneurship'
1109,International Hospitality & Healthcare Services Marketing,https://coursera.org/learn/healthcare-marketing-hospitality-management,4.6,None,'Marketing'
1110,Innovation: From Creativity to Entrepreneurship Capstone,https://coursera.org/learn/innovation-creativity-entrepreneurship-capstone,4.3,Beginner Level,'Entrepreneurship'
1111,Introduction to Search Engine Optimization,https://coursera.org/learn/search-engine-optimization,4.6,None,'Marketing'
1113,Introduction to the Digital Advertising Landscape,https://coursera.org/learn/digital-advertising-landscape,4.8,Beginner Level,'Marketing'
1118,Master Class for Corporate Entrepreneurs,https://coursera.org/learn/corporate-entrepreneurship-project,4.5,Beginner Level,'Entrepreneurship'
1126,Financial Reporting Capstone,https://coursera.org/learn/financial-reporting-capstone,4.3,Intermediate Level,'Business Essentials'
1127,How to Validate your Startup Idea,https://coursera.org/learn/startup-idea,4.4,None,'Entrepreneurship'
1128,The Neuromarketing Toolbox,https://coursera.org/learn/neuromarketing-toolbox,4.4,Beginner Level,'Marketing'
1131,Global Strategy II: Doing Business in The Global Economy,https://coursera.org/learn/global-strategy-two,4.9,None,'Business Strategy'
1134,Business Strategies for Emerging Markets,https://coursera.org/learn/business-strategies,4.8,Intermediate Level,'Business Strategy'
1138,Entrepreneurship II: Preparing for Launch,https://coursera.org/learn/entrepreneurship-2,4.8,None,'Entrepreneurship'
1140,How to finance your venture ?,https://coursera.org/learn/finance-venture,3.5,Intermediate Level,'Entrepreneurship'
1142,Coding for DesignersManagers& Entrepreneurs III,https://coursera.org/learn/uva-coding-for-design-managers-3,None,Beginner Level,'Entrepreneurship'
1147,Firm Level Economics: Consumer and Producer Behavior,https://coursera.org/learn/firm-level-economics,4.8,None,'Finance'
1155,Foundations of Professional Identity,https://coursera.org/learn/professional-identity,4.8,Beginner Level,'Business Essentials'
1158,Core Concepts of Accounting â€“ Numbers and People,https://coursera.org/learn/core-concepts-of-accounting,4.9,Intermediate Level,'Finance'
1162,Impact from Digital Transformation: Full course,https://coursera.org/learn/digital-transformation-impact,None,Advanced Level,'Leadership and Management'
1171,Subsistence Marketplaces,https://coursera.org/learn/subsistence-marketplaces,4.5,Beginner Level,'Leadership and Management'
1173,Strategic Management - Capstone Project,https://coursera.org/learn/businesscap,4.6,None,'Business Strategy'
1182,Financial Engineering and Risk Management Part I,https://coursera.org/learn/financial-engineering-1,4.6,None,'Finance'
1197,FinTech and the Transformation in Financial Services,https://coursera.org/learn/fintech-transformation-financial-services,4.3,Beginner Level,'Leadership and Management'
1202,Structure: Building the Frame for Business Growth,https://coursera.org/learn/business-structure,3.9,None,'Entrepreneurship'
1203,Key Success Factors in Supply Chain Finance,https://coursera.org/learn/key-success-factors-supply-chain-finance,4.6,Intermediate Level,'Finance'
1217,Managerial Accounting: Tools for Facilitating and Guiding Business Decisions,https://coursera.org/learn/managerial-accounting-business-decisions,4.7,None,'Finance'
1239,Supply Chain Analytics Essentials,https://coursera.org/learn/supply-chain-analytics-essentials,4.6,Beginner Level,'Business Essentials'
1240,Business Growth Strategy,https://coursera.org/learn/uva-darden-business-growth-strategy,4.7,None,'Business Strategy'
1242,Branding and Customer Experience,https://coursera.org/learn/branding-and-cx,4.6,Intermediate Level,'Marketing'
1243,Critical Perspectives on Management,https://coursera.org/learn/critical-management,4.8,None,'Leadership and Management'
1244,Global Financing Solutions  (by EDHEC and SociÃ©tÃ© GÃ©nÃ©rale),https://coursera.org/learn/global-financing-solutions,4.6,Intermediate Level,'Finance'
1245,Estrategias de  Redes Sociales,https://coursera.org/learn/redes-sociales-estrategias,4.6,Beginner Level,'Business Strategy'
1256,Build personal resilience,https://coursera.org/learn/build-personal-resilience,None,None,'Leadership and Management'
1264,Protecting Business Innovations via Strategy,https://coursera.org/learn/protect-business-innovations-strategy,4.6,Beginner Level,'Business Strategy'
1282,Leadership and Influence,https://coursera.org/learn/leadership-influence,4.7,Beginner Level,'Leadership and Management'
1294,Search Engine Optimization Fundamentals,https://coursera.org/learn/seo-fundamentals,4.7,None,'Marketing'
1298,Marketing e vendas B2B: Fechando novos negÃ³cios,https://coursera.org/learn/marketing-vendas-b2b,4.8,Beginner Level,'Business Essentials'
1299,Corporate & Commercial Law I: Contracts & Employment Law,https://coursera.org/learn/corporate-commercial-law-part1,4.8,Intermediate Level,'Business Essentials'
1303,Behavioral Investing,https://coursera.org/learn/behavioral-investing,4.5,Beginner Level,'Finance'
1305,Annual Campaigns: Building a Case for Support,https://coursera.org/learn/annual-campaigns,3.9,Beginner Level,'Business Strategy'
1312,Transacionando na Blockchain,https://coursera.org/learn/transacionando-na-blockchain,None,Intermediate Level,'Business Strategy'
1314,Introduction to Marketing,https://coursera.org/learn/wharton-marketing,4.8,None,'Marketing'
1330,People Analytics,https://coursera.org/learn/wharton-people-analytics,4.5,None,'Leadership and Management'
1334,Blockchain Business Models,https://coursera.org/learn/blockchain-business-models,4.6,Intermediate Level,'Finance'
1340,Management of Fashion and Luxury Companies,https://coursera.org/learn/mafash,4.7,None,'Leadership and Management'
1342,Deep Learning for Business,https://coursera.org/learn/deep-learning-business,4.4,Beginner Level,'Business Strategy'
1357,Giving Helpful Feedback,https://coursera.org/learn/feedback,4.7,None,'Business Essentials'
1361,Advanced Valuation and Strategy - M&APrivate Equityand Venture Capital,https://coursera.org/learn/advanced-valuation-and-strategy,4.8,Advanced Level,'Finance'
1363,Introduction to Learning Transfer and Life Long Learning (3L),https://coursera.org/learn/intro-learning-transfer,4.7,Beginner Level,'Business Essentials'
1371,Business Model Canvas: A Tool for Entrepreneurs and Innovators (Project-Centered Course),https://coursera.org/learn/business-model-canvas,4.6,Beginner Level,'Business Strategy'
1376,International Organizations Management,https://coursera.org/learn/international-organizations-management,4.8,Beginner Level,'Leadership and Management'
1378,How to Finance and Grow Your Startup â€“ Without VC,https://coursera.org/learn/startup-financing-without-vc,4.7,Beginner Level,'Entrepreneurship'
1388,Leading the Life You Want,https://coursera.org/learn/leading-the-life-you-want,4.5,Beginner Level,'Leadership and Management'
1390,Legal Tech & Startups,https://coursera.org/learn/legal-tech-startups,4.5,Intermediate Level,'Entrepreneurship'
1404,Brand Identity and Strategy,https://coursera.org/learn/brand-identity-strategy,4.5,Intermediate Level,'Marketing'
1405,Writing Skills for Engineering Leaders,https://coursera.org/learn/engineering-writing,4.7,Beginner Level,'Leadership and Management'
1415,Innovation Strategy: Developing Your Fintech strategy,https://coursera.org/learn/innovation-strategy-fintech,4.5,Beginner Level,'Business Strategy'
1417,Finance for Managers,https://coursera.org/learn/operational-finance,4.8,None,'Finance'
1421,Budgeting essentials and development,https://coursera.org/learn/budgeting-essentials-development,4.5,Intermediate Level,'Business Strategy'
1426,Finanzas Corporativas,https://coursera.org/learn/finanzas-corporativas,5,Beginner Level,'Finance'
1438,Content Strategy for Professionals: Expanding Your Contentâ€™s Reach,https://coursera.org/learn/increase-reach,4.4,None,'Marketing'
1442,Leadership Through Marketing,https://coursera.org/learn/leadership-marketing,4.6,None,'Leadership and Management'
1465,Strategic Business Management - Microeconomics,https://coursera.org/learn/strategic-business-management-microeconomics,4.7,Beginner Level,'Business Strategy'
1467,Innovation publique et pensÃ©e designl'innovation sociale au service des territoires,https://coursera.org/learn/innovation-publique-pensee-design,4.6,Beginner Level,'Business Essentials'
1471,Blockchain 360: A State of the Art for Professionals,https://coursera.org/learn/blockchain-professionals,4.4,Beginner Level,'Leadership and Management'
1474,Quantitative Foundations for International Business,https://coursera.org/learn/quantitative-foundations-international-business,3.8,None,'Business Essentials'
1486,The Impact of Technology,https://coursera.org/learn/impact-of-technology,4.6,Intermediate Level,'Entrepreneurship'
1487,Models & Frameworks to Support Sales Planning,https://coursera.org/learn/models-frameworks-support-sales-planning,4.5,Intermediate Level,'Business Strategy'
1489,Professional Skills for International Business,https://coursera.org/learn/professional-skills-networking,4.6,None,'Business Essentials'
1492,Demand Analytics,https://coursera.org/learn/demand-analytics,4.5,Beginner Level,'Business Essentials'
1499,A Scientific Approach to Innovation Management,https://coursera.org/learn/scientific-approach-innovation-management,4.6,None,'Business Strategy'
1504,Customer-Centric IT Strategy,https://coursera.org/learn/uva-darden-customer-centric-it-strategy,4.5,Beginner Level,'Business Essentials'
1518,Innovating in a Digital World,https://coursera.org/learn/innovating-digital-world,4.6,None,'Entrepreneurship'
1521,Cryptocurrency and Blockchain: An Introduction to Digital Currencies,https://coursera.org/learn/wharton-cryptocurrency-blockchain-introduction-digital-currency,4.6,None,'Finance'
1522,Building Fintech Startups in Emerging Markets,https://coursera.org/learn/building-fintech-startups,None,Beginner Level,'Entrepreneurship'
1527,"Grow Your Business with Goldman Sachs 10,000 Women",https://coursera.org/learn/gs10kw,4.9,Intermediate Level,'Entrepreneurship'
1532,What is Corruption: Anti-Corruption and Compliance,https://coursera.org/learn/what-is-corruption-anti-corruption-compliance,4.9,None,'Business Essentials'
1538,Essentials of Corporate Finance Capstone,https://coursera.org/learn/financial-analysis-project,4.7,None,'Finance'
1549,Account Management & Sales Force Design,https://coursera.org/learn/account-management,4.3,None,'Leadership and Management'
1553,Financial Accounting: Foundations,https://coursera.org/learn/financial-accounting-basics,4.7,None,'Finance'
1555,Six Sigma Advanced Analyze Phase,https://coursera.org/learn/six-sigma-analyze-advanced,4.7,Intermediate Level,'Leadership and Management'
1559,Capstone - Managing Board Change for Higher Levels of Leadership and Governance Effectiveness,https://coursera.org/learn/nonprofit-gov-capstone,4,None,'Leadership and Management'
1563,Introduction to Financial Markets,https://coursera.org/learn/financial-markets-intro,4.6,Beginner Level,'Finance'
1565,Global Impact: Cultural Psychology,https://coursera.org/learn/cultural-psychology-globalization,4.7,None,'Business Essentials'
1576,Shaping Your Professional Brand,https://coursera.org/learn/professional-brand,5,Beginner Level,'Business Essentials'
1584,Search Advertising,https://coursera.org/learn/search-advertising,None,Beginner Level,'Marketing'
1585,Coding for DesignersManagers& Entrepreneurs I,https://coursera.org/learn/uva-coding-for-design-managers-1,None,Beginner Level,'Entrepreneurship'
1598,Optimizing a Website for Search,https://coursera.org/learn/optimizing-web-search,4.7,Intermediate Level,'Marketing'
1619,Negotiation skills: Negotiate and resolve conflict,https://coursera.org/learn/negotiation-skills-conflict,None,Beginner Level,'Business Essentials'
1622,Principles of Corporate Finance â€“  A Tale of Value,https://coursera.org/learn/principles-of-corporate-finance,5,Intermediate Level,'Finance'
1632,Engagement & Nurture Marketing Strategies,https://coursera.org/learn/nurture-market-strategies,4.7,None,'Marketing'
1645,Digital Media and Marketing Strategies,https://coursera.org/learn/marketing-plan,4.4,None,'Marketing'
1649,Sales Strategy,https://coursera.org/learn/sales-strategy,4.5,Intermediate Level,'Business Strategy'
1655,Viral Marketing and How to Craft Contagious Content,https://coursera.org/learn/wharton-contagious-viral-marketing,4.7,None,'Marketing'
1674,Capstone: Creating A Sustainability Proposal,https://coursera.org/learn/sustainability-proposal,None,Intermediate Level,'Leadership and Management'
1681,Professional IQ Capstone,https://coursera.org/learn/professional-iq-capstone,None,Beginner Level,'Business Essentials'
1684,Beyond Silicon Valley: Growing Entrepreneurship in Transitioning Economies,https://coursera.org/learn/entrepreneurship-development,4.4,None,'Entrepreneurship'
1690,Business Analytics Executive Overview,https://coursera.org/learn/business-analytics-executive-overview,4.5,Intermediate Level,'Leadership and Management'
1695,Applying Investment Decision Rules for Startups,https://coursera.org/learn/capital-budgeting,4.5,Beginner Level,'Finance'
1696,China Strategy,https://coursera.org/learn/china-strategy,4.8,Beginner Level,'Business Strategy'
1699,Entrepreneurship 2: Launching your Start-Up,https://coursera.org/learn/wharton-launching-startup,4.8,None,'Entrepreneurship'
1703,Marketing Management I,https://coursera.org/learn/marketing-management,4.8,None,'Marketing'
1707,Budgeting and Scheduling Projects,https://coursera.org/learn/schedule-projects,4.7,None,'Leadership and Management'
1721,Business Application of Machine Learning and Artificial Intelligence in Healthcare,https://coursera.org/learn/artificialintelligence-in-healthcare,3.9,Intermediate Level,'Business Strategy'
1724,Food & Beverage Management,https://coursera.org/learn/food-beverage-management,4.8,None,'Leadership and Management'
1726,Scaling Operations: Linking Strategy and Execution,https://coursera.org/learn/operations-strategy,4.6,None,'Business Strategy'
1728,Content Strategy for Professionals: Ensuring Your Content's Impact,https://coursera.org/learn/effective-content-strategy,4.6,None,'Marketing'
1737,Entrepreneurship Capstone,https://coursera.org/learn/entrepreneurship-capstone,4.6,Beginner Level,'Entrepreneurship'
1758,European Business Law: Understanding the Fundamentals,https://coursera.org/learn/european-law-fundamentals,4.8,None,'Business Essentials'
1761,Financing for Startup Businesses,https://coursera.org/learn/financing-startup-businesses,None,Intermediate Level,'Finance'
1762,Developing the Opportunity for Corporate Entrepreneurs,https://coursera.org/learn/corporate-entrepreneurs-opportunity,4.4,Beginner Level,'Entrepreneurship'
1763,Accounting for Business Decision Making: Strategy Assessment and Control,https://coursera.org/learn/business-assessment,4.1,Beginner Level,'Business Essentials'
1774,Pricing Strategy,https://coursera.org/learn/pricing-strategy,4.6,None,'Marketing'
1776,RiskReturn & Valuation,https://coursera.org/learn/risk-return-and-valuation,4.8,Beginner Level,'Finance'
1784,Business Model Innovation for Sustainable Landscape Restoration,https://coursera.org/learn/bmi-sustainable-landscape-restoration,4.5,Beginner Level,'Business Strategy'
1791,Financial Management Capstone,https://coursera.org/learn/financial-management-capstone,4.7,None,'Finance'
1792,Investments I: Fundamentals of Performance Evaluation,https://coursera.org/learn/investments-fundamentals,4.8,None,'Finance'
1808,Effective Communication Capstone Project,https://coursera.org/learn/effective-communication-capstone,4.8,Beginner Level,'Business Essentials'
1813,Supply Chain Logistics,https://coursera.org/learn/supply-chain-logistics,4.7,Beginner Level,'Business Essentials'
1821,Setting Expectations & Assessing Performance Issues,https://coursera.org/learn/coaching-expectations-performance,4.7,None,'Leadership and Management'
1826,Impact from digital transformation: A Nano course,https://coursera.org/learn/digital-transformation-impact-nano-course,None,Advanced Level,'Business Strategy'
1827,Preparing to Manage Human Resources,https://coursera.org/learn/managing-human-resources,4.8,None,'Leadership and Management'
1829,Brand Management: Aligning BusinessBrand and Behaviour,https://coursera.org/learn/brand,4.9,Beginner Level,'Entrepreneurship'
1834,Visionary leadershipidentity & motivation: Become a meaning maker,https://coursera.org/learn/visionary-leadership-meaning-maker,4.7,Beginner Level,'Leadership and Management'
1838,Transforming Communities,https://coursera.org/learn/transforming-communities,None,Beginner Level,'Leadership and Management'
1856,Coberturas de riesgo con futuros y opciones para agrobusiness,https://coursera.org/learn/coberturas-de-riesgo,4.4,Beginner Level,'Marketing'
1864,Communication Strategies for a Virtual Age,https://coursera.org/learn/communication-strategies-virtual-age,4.6,Beginner Level,'Leadership and Management'
1873,Donner un feedback utile,https://coursera.org/learn/feedback-fr,4.8,None,'Business Essentials'
1874,Operations Management: Analysis and Improvement Methods,https://coursera.org/learn/operations-management,4.6,None,'Business Strategy'
1882,Content Strategy for Professionals: Capstone Project,https://coursera.org/learn/content-strategy-project,4.7,Intermediate Level,'Marketing'
1883,Project Management Project,https://coursera.org/learn/project-management-capstone,4.8,None,'Business Essentials'
1891,Marketing Mix Implementation Capstone,https://coursera.org/learn/marketing-mix-capstone,4.6,Intermediate Level,'Marketing'
1898,Social Media Advertising,https://coursera.org/learn/social-media-advertising,None,Beginner Level,'Marketing'
1902,Transferencia tecnolÃ³gica: De la investigaciÃ³n al mercado.,https://coursera.org/learn/transferencia-tecnologica-investigacion,4.8,Beginner Level,'Marketing'
1906,Management Skills for International Business,https://coursera.org/learn/management-skills-international-business,4.6,None,'Leadership and Management'
1916,Two Speed IT: How Companies Can Surf the Digital Wavea BCG Perspective,https://coursera.org/learn/2-speed-it,4.4,None,'Business Essentials'
1923,Successful Negotiation: Essential Strategies and Skills,https://coursera.org/learn/negotiation-skills,4.7,None,'Business Essentials'
1924,Healthcare Marketplace,https://coursera.org/learn/healthcare-marketplace,4.4,Beginner Level,'Finance'
1932,Executive Data Science Capstone,https://coursera.org/learn/executive-data-science-capstone,4.7,None,'Leadership and Management'
1944,Integrated Marketing Communications: AdvertisingPublic RelationsDigital Marketing and more,https://coursera.org/learn/integrated-marketing-communications,4.7,None,'Marketing'
1951,L'impact investing : Ãªtre acteur,https://coursera.org/learn/impact-investing-etre-acteur,4.7,None,'Entrepreneurship'
1952,Introduction to Portfolio Construction and Analysis with Python,https://coursera.org/learn/introduction-portfolio-construction-python,4.9,None,'Finance'
1955,Federal Taxation I: IndividualsEmployeesand Sole Proprietors,https://coursera.org/learn/federal-taxation-individuals,4.9,Intermediate Level,'Business Essentials'
1966,Building Your Leadership Skills,https://coursera.org/learn/leadership-skills,4.5,None,'Leadership and Management'
1968,Doing Business in Europe,https://coursera.org/learn/doing-business-in-europe,4.4,Beginner Level,'Business Strategy'
1973,Building a Toolkit for Your Sales Process,https://coursera.org/learn/toolkit-sales-process,4.7,Beginner Level,'Business Essentials'
1975,Leadership d'excellence par le sport de haut niveau,https://coursera.org/learn/leadership-excellence-sport,4.7,Beginner Level,'Leadership and Management'
1981,Crafting Strategies for Innovation Initiatives for Corporate Entrepreneurs,https://coursera.org/learn/corporate-entrepreneurs-innovation-strategy,4.2,Beginner Level,'Entrepreneurship'
1983,Engineering Project Management: ScopeTime and Cost Management,https://coursera.org/learn/scope-time-management-cost,4.7,Beginner Level,'Leadership and Management'
1984,Healthcare Marketplace Capstone,https://coursera.org/learn/healthcare-marketplace-capstone,4.8,None,'Finance'
1989,Customer Insights: New Product Development Orientation,https://coursera.org/learn/customer-insights-orientation,4.5,Beginner Level,'Marketing'
2005,Interview Research and Preparation,https://coursera.org/learn/interview-preparation,4.6,Intermediate Level,'Business Essentials'
2006,Customer Insights: Quantitative Techniques,https://coursera.org/learn/quantitative-customer-insights,4.3,None,'Marketing'
2013,Designing the Future of Work,https://coursera.org/learn/designing-future-of-work,4.8,Beginner Level,'Business Strategy'
2016,Digital Media and Marketing Principles,https://coursera.org/learn/marketing-channels,4.2,None,'Marketing'
2020,More on Change and Sustainability,https://coursera.org/learn/business-case-sustainability,5,Beginner Level,'Leadership and Management'
2023,Innovar,https://coursera.org/learn/innovacion-diseno,4.8,Beginner Level,'Business Essentials'
2025,Auditing I: Conceptual Foundations of Auditing,https://coursera.org/learn/auditing-part1-conceptual-foundations,4.5,None,'Business Essentials'
2036,Social Business Model and Planning for Social Innovation,https://coursera.org/learn/social-business-model,4.6,Beginner Level,'Entrepreneurship'
2041,Coaching Conversations,https://coursera.org/learn/coaching-conversations,4.7,Beginner Level,'Leadership and Management'
2045,Patrocinio Deportivo,https://coursera.org/learn/patrocinio-deportivo,4.6,Beginner Level,'Marketing'
2053,Business Transformation with Google Cloud,https://coursera.org/learn/business-transformation-google-cloud,4.7,Beginner Level,'Business Strategy'
2064,Business Implications of AI: A Nano-course,https://coursera.org/learn/business-implications-ai-nano-course,None,Advanced Level,'Leadership and Management'
2074,ContentAdvertising & Social IMC,https://coursera.org/learn/social-imc,4.7,None,'Marketing'
2075,Marketing Analytics Capstone Project,https://coursera.org/learn/marketing-analytics-project,None,None,'Marketing'
2078,Entrepreneurship 3: Growth Strategies,https://coursera.org/learn/growth-strategy,4.8,Beginner Level,'Entrepreneurship'
2082,The hidden value â€“ Lean in manufacturing and services,https://coursera.org/learn/lean-manufacturing-services,4.7,Beginner Level,'Business Essentials'
2083,New Product Development - develop your own new product,https://coursera.org/learn/new-product-development,4.4,Intermediate Level,'Entrepreneurship'
2091,Strategy Formulation,https://coursera.org/learn/strategy-formulation,4.5,None,'Business Strategy'
2093,European Business Law: Doing Business in Europe,https://coursera.org/learn/eu-law-doing-business,4.7,None,'Business Essentials'
2103,Legal aspects of conducting business in Russia,https://coursera.org/learn/legal-business-russia,None,Beginner Level,'Business Essentials'
2109,Accounting Analysis II: Measurement and Disclosure of Liabilities,https://coursera.org/learn/accounting-analysis-2-liabilities,4.8,Intermediate Level,'Business Essentials'
2115,Social Entrepreneurship,https://coursera.org/learn/wharton-social-entrepreneurship,4.7,None,'Entrepreneurship'
2126,Surviving Disruptive Technologies (On Demand),https://coursera.org/learn/surviving-disruptive-technologies,4.6,Beginner Level,'Leadership and Management'
2131,Organisational design: Know your organisation,https://coursera.org/learn/organisational-design-know-your-organisation,4.9,Beginner Level,'Leadership and Management'
2140,Time Value of Money,https://coursera.org/learn/time-value-of-money,4.9,Beginner Level,'Finance'
2151,The Business of Social,https://coursera.org/learn/business-of-social,4.7,None,'Marketing'
2153,Esports Management Capstone Project,https://coursera.org/learn/esports-management-capstone-project,4.3,Beginner Level,'Leadership and Management'
2160,Writing Winning Resumes and Cover Letters,https://coursera.org/learn/resume-writing,4.7,Intermediate Level,'Business Essentials'
2167,Understanding Financial Markets,https://coursera.org/learn/understanding-financial-markets,4.7,Beginner Level,'Finance'
2169,Finance For Everyone: Value,https://coursera.org/learn/finance-value,4.7,None,'Finance'
2176,Corporate Finance II: Financing Investments and Managing Risk,https://coursera.org/learn/corporate-finance-two,4.9,None,'Finance'
2195,Excel Skills for Business: Advanced,https://coursera.org/learn/excel-advanced,4.7,Intermediate Level,'Business Essentials'
2205,Esports Teams and Professional Players,https://coursera.org/learn/esports-teams-professional-players,4.3,Beginner Level,'Leadership and Management'
2229,The Roles and Responsibilities of Nonprofit Boards of Directors within the Governance Process,https://coursera.org/learn/nonprofit-gov-2,4.5,None,'Leadership and Management'
2232,Finance for Everyone Capstone Project,https://coursera.org/learn/finance-capstone,4,None,'Finance'
2234,Interest Rate Models,https://coursera.org/learn/interest-rate-models,4.6,Advanced Level,'Finance'
2239,Successful Presentation,https://coursera.org/learn/presentation-skills,4.7,Beginner Level,'Business Essentials'
2240,The Marketing Plan,https://coursera.org/learn/marketingplan,4.6,None,'Marketing'
2254,Financial Risk Management with R,https://coursera.org/learn/financial-risk-management-with-r,None,Intermediate Level,'Finance'
2255,Major and Principal Gifts,https://coursera.org/learn/major-principal-gifts,4.4,Beginner Level,'Business Strategy'
2260,Strategy Implementation,https://coursera.org/learn/strategy-implementation,4.7,None,'Business Strategy'
2261,U.S. Federal Taxation Capstone,https://coursera.org/learn/us-federal-tax-capstone,5,Intermediate Level,'Business Essentials'
2266,Foundations of Everyday Leadership,https://coursera.org/learn/everyday-leadership-foundation,4.8,None,'Leadership and Management'
2268,Todayâ€™s Music Industry,https://coursera.org/learn/music-industry,4.7,None,'Business Strategy'
2269,Customer Segmentation and Prospecting,https://coursera.org/learn/customer-segmentation-prospecting,4.8,Beginner Level,'Business Essentials'
2279,Supply Chain Planning,https://coursera.org/learn/planning,4.7,Beginner Level,'Business Strategy'
2283,Managing Social and Human Capital,https://coursera.org/learn/wharton-social-human-capital,4.5,Beginner Level,'Leadership and Management'
2289,Research Proposal: Initiating Research,https://coursera.org/learn/research-proposal-initiating-research,4.5,Intermediate Level,'Marketing'
2295,Leading Innovation in Arts and Culture,https://coursera.org/learn/arts-culture-innovation,4.5,None,'Entrepreneurship'
2296,Strategic Sales Management Final Project,https://coursera.org/learn/ssm-final-project,4.3,Intermediate Level,'Business Strategy'
2302,Developing Innovative Ideas for New Companies: The First Step in Entrepreneurship,https://coursera.org/learn/innovative-ideas,4.6,None,'Entrepreneurship'
2309,Firm Level Economics: Markets and Allocations,https://coursera.org/learn/firm-level-economics-markets,4.9,None,'Finance'
2312,Portfolio and Risk Management,https://coursera.org/learn/portfolio-management,4.4,Beginner Level,'Finance'
2314,Marketing in an Analog World,https://coursera.org/learn/marketing-analog,4.7,Beginner Level,'Marketing'
2315,Business Implications of AI: Full course,https://coursera.org/learn/business-implications-ai,3.8,Advanced Level,'Leadership and Management'
2321,Sales Training: Sales Team Management,https://coursera.org/learn/sales-team-management,4.8,Beginner Level,'Leadership and Management'
2322,Marketing Strategy Capstone Project,https://coursera.org/learn/marketing-project,4.5,Beginner Level,'Marketing'
2327,Be entrepreneurial in Cultural Industries in the digital age,https://coursera.org/learn/entrepreneurial-culture-digital-age,4.1,Beginner Level,'Entrepreneurship'
2343,CompensationExpenses and Quotas,https://coursera.org/learn/compensation-expenses-quotas,4.3,None,'Leadership and Management'
2349,Brand and Product Management,https://coursera.org/learn/brand-management,4.7,None,'Marketing'
2351,The Power of Markets I: The Basics of Supply and Demand and Consumer Behavior,https://coursera.org/learn/market-power,4.7,None,'Business Essentials'
2354,Content Strategy for Professionals: Engaging Audiences,https://coursera.org/learn/engagement-strategy,4.6,None,'Marketing'
2355,FinTech Law and Policy,https://coursera.org/learn/fintechlawandpolicy,4.8,Beginner Level,'Finance'
2356,Initiating and Planning Projects,https://coursera.org/learn/project-planning,4.7,None,'Leadership and Management'
2360,Managing Employee Performance,https://coursera.org/learn/employee-performance,4.7,None,'Business Essentials'
2362,Excel Skills for Business: Intermediate II,https://coursera.org/learn/excel-intermediate-2,4.8,Intermediate Level,'Business Essentials'
2367,Financial Acumen for Non-Financial Managers,https://coursera.org/learn/finance-healthcare-managers,4.6,Beginner Level,'Business Essentials'
2380,Understanding Financial Statements: Company Performance,https://coursera.org/learn/income-statement,4.7,Beginner Level,'Business Essentials'
2382,Six Sigma and the Organization (Advanced),https://coursera.org/learn/six-sigma-organization-advanced,4.7,Intermediate Level,'Leadership and Management'
2384,Optimizing Diversity on Teams,https://coursera.org/learn/diverse-teams,4.2,Beginner Level,'Leadership and Management'
2389,Construction Cost Estimating and Cost Control,https://coursera.org/learn/construction-cost-estimating,4.7,Beginner Level,'Business Strategy'
2390,Financial Regulation in Emerging Markets and the Rise of Fintech Companies,https://coursera.org/learn/financial-regulation,4.6,Beginner Level,'Finance'
2396,Global Impact: Business Ethics,https://coursera.org/learn/business-ethics,4.8,Intermediate Level,'Business Essentials'
2398,Business Writing,https://coursera.org/learn/writing-for-business,4.7,Beginner Level,'Business Essentials'
2401,Startup Valuation Methods,https://coursera.org/learn/startup-valuation-methods,4.6,Intermediate Level,'Finance'
2424,International Marketing & Cross Industry Growth Capstone Project,https://coursera.org/learn/international-vertical-marketing-capstone-project,4.6,Intermediate Level,'Marketing'
2436,Introduction to Public Speaking,https://coursera.org/learn/public-speaking,4.8,Beginner Level,'Business Essentials'
2450,Bridging the Gap between Strategy Design and Delivery,https://coursera.org/learn/bridging-strategy-design-delivery-gap,4.7,Intermediate Level,'Business Strategy'
2456,Collegiate Esports and Career Planning,https://coursera.org/learn/college-esports-career-planning,4.2,Beginner Level,'Leadership and Management'
2462,Managing as a Coach,https://coursera.org/learn/managing-as-a-coach,4.7,None,'Leadership and Management'
2463,Building the Business Model for Corporate Entrepreneurs,https://coursera.org/learn/corporate-entrepreneurs-business-model,4.7,Beginner Level,'Entrepreneurship'
2465,Planning your Client's Wealth over a 5-year Horizon,https://coursera.org/learn/wealth-planning-capstone,4.7,None,'Finance'
2478,Managing Responsibly: Practicing SustainabilityResponsibility and Ethics,https://coursera.org/learn/responsible-management,4.7,None,'Leadership and Management'
2484,Creating Innovation,https://coursera.org/learn/creating-innovation,4.7,Beginner Level,'Leadership and Management'
2490,Organisational behaviour: Know your people,https://coursera.org/learn/organisational-behaviour-know-your-people,4.8,Beginner Level,'Leadership and Management'
2501,Building High-Performing Teams,https://coursera.org/learn/high-performing-teams,4.8,Beginner Level,'Leadership and Management'
2502,Types of Conflict,https://coursera.org/learn/types-of-conflict,4.3,None,'Business Essentials'
2511,Coding for DesignersManagers& Entrepreneurs II,https://coursera.org/learn/uva-coding-for-design-managers-2,None,Beginner Level,'Entrepreneurship'
2522,Protecting Business Innovations via Copyright,https://coursera.org/learn/protect-business-innovations-copyright,4.8,Beginner Level,'Business Essentials'
2533,Demand management: Breaking down todayâ€™s commercial silos,https://coursera.org/learn/demandmanagement,4.7,None,'Business Strategy'
2537,Accounting: Principles of Financial Accounting,https://coursera.org/learn/financial-accounting,4.8,Beginner Level,'Finance'
2538,Essentials of Entrepreneurship: Thinking & Action,https://coursera.org/learn/entrepreneurial-thinking,4.4,None,'Entrepreneurship'
2542,Design: Creation of Artifacts in Society,https://coursera.org/learn/design,4.8,Beginner Level,'Entrepreneurship'
2551,Business intelligence and data analytics: Generate insights,https://coursera.org/learn/business-intelligence-data-analytics,4.5,None,'Business Essentials'
2564,Forecasting Skills: See the Future Before it Happens,https://coursera.org/learn/forecasting-skills,4.8,Beginner Level,'Business Essentials'
2572,Managing Project Risks and Changes,https://coursera.org/learn/project-risk-management,4.7,None,'Leadership and Management'
2577,More Introduction to Financial Accounting,https://coursera.org/learn/wharton-financial-accounting,4.9,None,'Finance'
2586,Entrepreneurship 1: Developing the Opportunity,https://coursera.org/learn/wharton-entrepreneurship-opportunity,4.8,None,'Finance'
2588,Finance for Startups,https://coursera.org/learn/finance-for-startups,4.8,Intermediate Level,'Finance'
2596,Foundations of Business Strategy,https://coursera.org/learn/uva-darden-foundations-business-strategy,4.8,Beginner Level,'Business Strategy'
2601,Strategy and Sustainability,https://coursera.org/learn/strategy-sustainability,4.5,Beginner Level,'Business Strategy'
2609,From Idea to Startup,https://coursera.org/learn/startup-entrepreneurship-from-idea-to-startup,4.6,None,'Entrepreneurship'
2618,NegotiationMediationand Conflict Resolution - Capstone Project,https://coursera.org/learn/negotiation-project,4.8,Intermediate Level,'Leadership and Management'
2619,Population Health: Governance,https://coursera.org/learn/population-health-governance,4.8,Beginner Level,'Leadership and Management'
2625,Alternative Approaches to Valuation and Investment,https://coursera.org/learn/valuation,4.7,None,'Finance'
2633,LendingCrowdfundingand Modern Investing,https://coursera.org/learn/wharton-crowdfunding-marketplace-lending-modern-investing,4.7,Beginner Level,'Business Essentials'
2638,Inspiring Leadership through Emotional Intelligence,https://coursera.org/learn/emotional-intelligence-leadership,4.7,Beginner Level,'Leadership and Management'
2640,Strategic Organization Design,https://coursera.org/learn/organization-design,4.6,None,'Business Strategy'
2648,Behavioral Finance,https://coursera.org/learn/duke-behavioral-finance,4.4,None,'Finance'
2669,Leadership and Emotional Intelligence,https://coursera.org/learn/emotional-intelligence-in-leadership,4.8,Beginner Level,'Leadership and Management'
2672,Blockchain for the decision maker,https://coursera.org/learn/blockchain-decision-maker,4.5,Beginner Level,'Business Strategy'
2676,Sales Training: Building Your Sales Career,https://coursera.org/learn/build-sales-career,4.7,Beginner Level,'Business Essentials'
2678,Professional development: Improve yourselfalways,https://coursera.org/learn/professional-development-improve-yourself,None,None,'Leadership and Management'
2682,Website Optimization Client Report Project,https://coursera.org/learn/seo-project,4.8,Intermediate Level,'Marketing'
2684,Wharton Business and Financial Modeling Capstone,https://coursera.org/learn/wharton-business-financial-modeling-capstone,4.6,None,'Business Essentials'
2685,Medical Technology and Evaluation,https://coursera.org/learn/healthcare-medical-technology,4.4,Beginner Level,'Finance'
2691,Innovation Management,https://coursera.org/learn/innovation-management,4.6,Beginner Level,'Business Strategy'
2692,Digital Business Models,https://coursera.org/learn/digital-business-models,4.5,None,'Business Strategy'
2696,Sales Training: Inbound Business Strategy,https://coursera.org/learn/inbound-business-strategy,4.8,Beginner Level,'Business Strategy'
2700,Blockchain Opportunity Analysis,https://coursera.org/learn/blockchain-opportunity-analysis,4.6,Intermediate Level,'Business Strategy'
2712,Capstone: Build a Winning Investment Portfolio,https://coursera.org/learn/investment-portfolio-management-capstone,4.6,None,'Finance'
2714,Sales Force Management,https://coursera.org/learn/sales-force-management,4.5,None,'Leadership and Management'
2715,Designing and Implementing Your Coaching Strategy,https://coursera.org/learn/design-coaching-strategy,4.6,None,'Leadership and Management'
2718,Project Planning,https://coursera.org/learn/project-planning-1,4.7,Beginner Level,'Leadership and Management'
2725,Technology CommercializationPart 1: Setting up your Idea Filtering System,https://coursera.org/learn/technology-commercialization,4.1,None,'Entrepreneurship'
2732,Portfolio and Risk Management,https://coursera.org/learn/portfolio-risk-management,4.7,None,'Finance'
2733,Global Challenges in Business Capstone,https://coursera.org/learn/global-challenges-business-capstone,None,None,'Business Essentials'
2745,Excel Skills for Business: Essentials,https://coursera.org/learn/excel-essentials,4.9,Beginner Level,'Business Essentials'
2751,Wharton Entrepreneurship Capstone,https://coursera.org/learn/wharton-entrepreneurship-capstone,4.8,None,'Entrepreneurship'
2753,Crowdfunding,https://coursera.org/learn/wharton-crowdfunding,4.6,None,'Entrepreneurship'
2754,Introduction to Financial Accounting,https://coursera.org/learn/wharton-accounting,4.7,None,'Business Essentials'
2762,Meaningful Marketing Insights,https://coursera.org/learn/meaningful-marketing-insights,4.3,Intermediate Level,'Marketing'
2764,Six Sigma Principles,https://coursera.org/learn/six-sigma-principles,4.6,Beginner Level,'Business Essentials'
2767,Strategic Leadership and Management Capstone,https://coursera.org/learn/strategic-leadership-capstone,4.7,None,'Leadership and Management'
2776,Proyecto Final - Programa Especializado en Marketing Digital,https://coursera.org/learn/marketing-digital-proyecto-final,4.9,Beginner Level,'Marketing'
2779,International Business II,https://coursera.org/learn/international-business-2,4.7,None,'Business Strategy'
2783,Challenges of Agribusiness Management,https://coursera.org/learn/agribusiness-management-challenges,None,None,'Entrepreneurship'
2784,Project Execution,https://coursera.org/learn/project-execution,4.3,Beginner Level,'Leadership and Management'
2791,Urgent Optimism: How to Turn Foresight into Action,https://coursera.org/learn/urgent-optimism,4.8,Beginner Level,'Leadership and Management'
2795,Competitive Strategy,https://coursera.org/learn/competitive-strategy,4.7,None,'Business Strategy'
2813,Management of Urban Infrastructures â€“ part 1,https://coursera.org/learn/managing-urban-infrastructures-1,4.7,None,'Leadership and Management'
2820,Managing Data Analysis,https://coursera.org/learn/managing-data-analysis,4.5,None,'Leadership and Management'
2827,Project Management: The Basics for Success,https://coursera.org/learn/project-management-basics,4.5,None,'Leadership and Management'
2828,Design and Make Infographics (Project-Centered Course),https://coursera.org/learn/infographic-design,4.7,None,'Business Essentials'
2831,Sales Pitch and Closing,https://coursera.org/learn/sales-pitch-closing,4.7,Beginner Level,'Business Essentials'
2835,Design Thinking for Innovation,https://coursera.org/learn/uva-darden-design-thinking-innovation,4.6,Beginner Level,'Business Strategy'
2836,Market and Competition in Pricing Strategy,https://coursera.org/learn/uva-darden-bcg-pricing-strategy-market-competition,4.8,Beginner Level,'Marketing'
2838,ForecastingBudgetingTerritoriesEvaluation and Legal/Ethical Issues,https://coursera.org/learn/forecasting-budgeting-territories-evaluation,3,Beginner Level,'Leadership and Management'
2839,Corporate finance: Know your numbers 2,https://coursera.org/learn/corporate-finance-know-your-numbers-2,None,Beginner Level,'Finance'
2844,What is Compliance?,https://coursera.org/learn/what-is-compliance,4.9,None,'Business Essentials'
2849,Organizational Behavior: How to Manage People,https://coursera.org/learn/managing-people-iese,4.6,None,'Leadership and Management'
2855,Engineering Project Management: Initiating and Planning,https://coursera.org/learn/initiating-planning,4.7,Beginner Level,'Leadership and Management'
2860,Privacy Law and Data Protection,https://coursera.org/learn/privacy-law-data-protection,4.8,None,'Business Essentials'
2870,Accounting for Business Decision Making: Measurement and Operational Decisions,https://coursera.org/learn/business-accounting,4.1,Beginner Level,'Business Essentials'
2876,Creativity Toolkit II: Creative Collaboration,https://coursera.org/learn/creativity-toolkit-2,4.7,None,'Entrepreneurship'
2895,Be a LeaderDevelop a Leader,https://coursera.org/learn/be-a-leader,4.8,None,'Leadership and Management'
2897,Finance for Everyone: Decisions,https://coursera.org/learn/finance-decisions,4.6,None,'Finance'
2901,Storytelling and influencing: Communicate with impact,https://coursera.org/learn/communicate-with-impact,4.8,None,'Leadership and Management'
2902,Copyright Law in the Music Business,https://coursera.org/learn/copyright-law-music-business,4.8,Beginner Level,'Business Strategy'
2911,Business Model Innovation,https://coursera.org/learn/business-model,4.7,None,'Business Strategy'
2919,Advanced Business Strategy,https://coursera.org/learn/uva-darden-advanced-business-strategy,4.7,Beginner Level,'Business Strategy'
2932,Innovation & Entrepreneurship - From Design Thinking to Funding,https://coursera.org/learn/design-thinking-entrepreneurship,4.6,Intermediate Level,'Entrepreneurship'
2937,On Strategy : What Managers Can Learn from Philosophy - PART 1,https://coursera.org/learn/management-philosophy,4.7,None,'Leadership and Management'
2942,Financial Accounting: Advanced Topics,https://coursera.org/learn/financial-accounting-advanced,4.7,None,'Finance'
2947,ReadySetFuture! Introduction to Futures Thinking,https://coursera.org/learn/introduction-to-futures-thinking,4.8,Beginner Level,'Business Essentials'
2952,Accounting Analysis I: Measurement and Disclosure of Assets,https://coursera.org/learn/asset-measurement-disclosure,4.8,Intermediate Level,'Business Essentials'
2963,Managing Employee Compensation,https://coursera.org/learn/compensation-management,4.7,None,'Business Essentials'
2969,Conversations That Inspire: Coaching LearningLeadership and Change,https://coursera.org/learn/leadership-coaching,4.7,None,'Leadership and Management'
2973,Applying Data Analytics in Marketing,https://coursera.org/learn/applying-data-analytics-business-in-marketing,4.4,Intermediate Level,'Leadership and Management'
2986,Planning: PrincipledProposingProofingand Practicing to a Success Plan,https://coursera.org/learn/business-planning,4,None,'Entrepreneurship'
2991,3D Printing Hardware,https://coursera.org/learn/3d-print-hardware,4.2,None,'Entrepreneurship'
2992,Supply Chain Principles,https://coursera.org/learn/supply-chain-principles,4.6,None,'Business Essentials'
2994,Innovation & Entrepreneurship - From Basics to Open Innovation,https://coursera.org/learn/open-innovation-entrepreneurship,4.5,Intermediate Level,'Entrepreneurship'
2998,Business of Games and Entrepreneurship,https://coursera.org/learn/gamedev-business,4.4,None,'Business Strategy'
3001,Innovative Finance: Hacking finance to change the world,https://coursera.org/learn/innovative-finance,4.7,Beginner Level,'Finance'
3016,Adapt your leadership style,https://coursera.org/learn/leadership-adapt-your-style,4.9,Beginner Level,'Leadership and Management'
3018,Sustainable Vikings:  Sustainability & Corporate Social Responsibility in Scandinavia,https://coursera.org/learn/sustainability-csr-scandinavia,4.8,Beginner Level,'Leadership and Management'
3019,Healthcare Delivery Providers,https://coursera.org/learn/healthcare-delivery-providers,4.7,None,'Finance'
3046,IT Project Management,https://coursera.org/learn/it-project-management,4.4,Beginner Level,'Business Strategy'
3050,Unleashing the Impact of your Social Enterprise,https://coursera.org/learn/social-impact-growth,4.6,Beginner Level,'Entrepreneurship'
3062,Effectuation : l'entrepreneuriat pour tous,https://coursera.org/learn/effectuation,4.7,Beginner Level,'Entrepreneurship'
3080,FinTech Disruptive Innovation: Implications for Society,https://coursera.org/learn/fintech-disruption,4.5,Beginner Level,'Finance'
3099,The Factors that Influence the Effectiveness of Boards and the Governance Process,https://coursera.org/learn/nonprofit-gov-3,4.6,None,'Leadership and Management'
3100,3D Printing Software,https://coursera.org/learn/3d-printing-software,4.6,Beginner Level,'Entrepreneurship'
3106,Marketing in a Digital World,https://coursera.org/learn/marketing-digital,4.7,Beginner Level,'Marketing'
3109,Protecting Business Innovations via Patent,https://coursera.org/learn/protect-business-innovations-patent,4.8,Beginner Level,'Business Strategy'
3110,Positioning: What you need for a successful Marketing Strategy,https://coursera.org/learn/positioning,4.5,Beginner Level,'Marketing'
3111,Cracking the Creativity Code: Discovering Ideas,https://coursera.org/learn/startup-entrepreneurship-discovering-ideas,4.3,None,'Entrepreneurship'
3117,Giving Sense to Your Leadership Experience,https://coursera.org/learn/leading-sense,4.6,None,'Leadership and Management'
3144,Competitive Strategy and Organization Design Project,https://coursera.org/learn/organization-strategy-project,4.1,None,'Business Strategy'
3145,Strategic Planning and Execution,https://coursera.org/learn/uva-darden-strategic-planning-execution,4.7,None,'Business Strategy'
3156,Managing Your Money: MBA Insights for Undergraduates,https://coursera.org/learn/managingmoney,4.4,None,'Finance'
3160,Strategic Innovation: Managing Innovation Initiatives,https://coursera.org/learn/strategic-innovation-innovation-at-the-frontier,4.8,Intermediate Level,'Marketing'
3162,Making Successful Decisions through the StrategyLaw & Ethics Model,https://coursera.org/learn/strategy-law-ethics,4.8,Beginner Level,'Business Essentials'
3168,Effective Sales â€“ An Overview,https://coursera.org/learn/effective-sales-overview,4.5,Intermediate Level,'Business Strategy'
3172,Project Launch,https://coursera.org/learn/project-management,4.7,Beginner Level,'Leadership and Management'
3180,Advanced Competitive Strategy,https://coursera.org/learn/advanced-competitive-strategy,4.7,None,'Business Strategy'
3181,Teamwork Skills: Communicating Effectively in Groups,https://coursera.org/learn/teamwork-skills-effective-communication,4.8,Beginner Level,'Leadership and Management'
3182,Creating a Portfolio,https://coursera.org/learn/investment-portfolio,4.5,Beginner Level,'Finance'
3183,FinTech Foundations and Overview,https://coursera.org/learn/fintech,4.6,Beginner Level,'Finance'
3191,New Technologies for Business Leaders,https://coursera.org/learn/new-technologies-business-leaders,4.2,Intermediate Level,'Marketing'
3194,Financial Markets,https://coursera.org/learn/financial-markets-global,4.8,Beginner Level,'Finance'
3214,Taxation of Business Entities II: Pass-Through Entities,https://coursera.org/learn/taxation-business-entities-part-2,4.7,Intermediate Level,'Business Essentials'
3216,Customer Value in Pricing Strategy,https://coursera.org/learn/uva-darden-bcg-pricing-strategy-customer-value,4.8,Beginner Level,'Marketing'
3219,Managing the Company of the Future,https://coursera.org/learn/company-future-management,4.8,None,'Leadership and Management'
3225,Digital Analytics for Marketing Professionals: Marketing Analytics in Practice,https://coursera.org/learn/digital-analytics,4.5,None,'Marketing'
3227,Marketing Strategy for Entrepreneurs,https://coursera.org/learn/marketing-strategy-entrepreneurs,4.3,Intermediate Level,'Marketing'
3228,Mediation and Conflict Resolution,https://coursera.org/learn/conflict-resolution-mediation,4.6,Intermediate Level,'Leadership and Management'
3231,Finance for Non-Financial Professionals,https://coursera.org/learn/finance-for-non-finance-managers,4.5,None,'Finance'
3234,Research kitchen,https://coursera.org/learn/research-kitchen,4.6,Beginner Level,'Business Strategy'
3240,Corporate Finance I: Measuring and Promoting Value Creation,https://coursera.org/learn/corporate-finance-measure-success,4.8,None,'Finance'
3241,Translation quality management,https://coursera.org/learn/management-translation-quality,None,Beginner Level,'Leadership and Management'
3247,Marketing Mix Fundamentals,https://coursera.org/learn/marketing-mix,4.5,Beginner Level,'Marketing'
3253,Advanced Search Engine Optimization Strategies,https://coursera.org/learn/seo-strategies,4.5,Intermediate Level,'Marketing'
3261,Exploring and Producing Data for Business Decision Making,https://coursera.org/learn/business-data,4.8,Beginner Level,'Business Essentials'
3265,Six Sigma Advanced Improve and Control Phases,https://coursera.org/learn/six-sigma-improve-control-advanced,4.7,Intermediate Level,'Leadership and Management'
3267,Managing the Organization: From Organizational Design to Execution,https://coursera.org/learn/managing-organization,4.6,None,'Leadership and Management'
3271,Marketing analytics: Know your customers,https://coursera.org/learn/marketing-analytics-customers,4.2,Beginner Level,'Marketing'
3290,Strategic Management,https://coursera.org/learn/strategic-management,4.7,None,'Business Strategy'
3299,Developing a Systems Mindset,https://coursera.org/learn/systems-mindset,None,Beginner Level,'Leadership and Management'
3308,Excel Skills for Business: Intermediate I,https://coursera.org/learn/excel-intermediate-1,4.9,Intermediate Level,'Business Essentials'
3312,Personal Leadership Development Planning and Leading High Performing Teams,https://coursera.org/learn/leadership-development-planning,4.5,Beginner Level,'Leadership and Management'
3323,Capital Markets and Financial Institutions â€“ How to Survive Them,https://coursera.org/learn/capital-markets-and-financial-institutions,4.6,Intermediate Level,'Finance'
3325,Sales Operations: Final Project,https://coursera.org/learn/sales-operations-final-project,None,None,'Leadership and Management'
3331,Digital Transformations,https://coursera.org/learn/digital-transformations,4.7,Beginner Level,'Business Strategy'
3334,Business Strategy in Practice (Project-centered Course),https://coursera.org/learn/uva-darden-business-strategy-capstone,4.6,None,'Business Strategy'
3342,Accounting Analysis II: Accounting for Liabilities and Equity,https://coursera.org/learn/accounting-analysis-2-equity,4.7,Intermediate Level,'Business Essentials'
3343,Capstone - Launch Your Own Business!,https://coursera.org/learn/start-your-own-business-project,None,None,'Entrepreneurship'
3350,Supply Chain Management Strategy,https://coursera.org/learn/supply-chain-management-strategy,4.7,None,'Business Strategy'
3359,Self Awareness and the Effective Leader,https://coursera.org/learn/self-awareness,4.6,Beginner Level,'Leadership and Management'
3368,AI For Everyone,https://coursera.org/learn/ai-for-everyone,4.8,Beginner Level,'Business Strategy'
3379,AccountingBusiness and Society:  The Multi-faceted Role of Accounting,https://coursera.org/learn/accounting-business-society,4.9,Beginner Level,'Business Essentials'
3381,Forecasting Models for Marketing Decisions,https://coursera.org/learn/forecasting-models-marketing-decisions,4.3,Intermediate Level,'Marketing'
3387,Foundations of strategic business analytics,https://coursera.org/learn/strategic-business-analytics,4.4,None,'Business Essentials'
3395,Protecting Business Innovations via Trademark,https://coursera.org/learn/protect-business-innovations-trademark,4.8,Beginner Level,'Business Strategy'
3396,FinTech Security and Regulation (RegTech),https://coursera.org/learn/regtech,4.5,Beginner Level,'Finance'
3407,Analysing Complexity,https://coursera.org/learn/analysing-complexity,4.7,Beginner Level,'Leadership and Management'
3412,Women in Leadership: Inspiring Positive Change,https://coursera.org/learn/women-in-leadership,4.7,None,'Leadership and Management'
3424,Meeting Investors' Goals,https://coursera.org/learn/meeting-investors-goals,4.8,None,'Finance'
3425,Future Development in Supply Chain Finance and Blockchain Technology,https://coursera.org/learn/future-developments-supply-chain-finance-blockchain-technology,4.4,Intermediate Level,'Finance'
3444,Supply Chain Analytics,https://coursera.org/learn/supply-chain-analytics,4.8,Beginner Level,'Business Essentials'
3448,Effective Compliance Programs,https://coursera.org/learn/effective-compliance-programs,4.9,None,'Business Essentials'
3455,Advanced Trading Algorithms,https://coursera.org/learn/advanced-trading-algorithms,4.6,Intermediate Level,'Finance'
3461,Supply Chain Operations,https://coursera.org/learn/operations,4.8,Beginner Level,'Business Strategy'
3462,Strategies for Effective Engagement,https://coursera.org/learn/effective-engagement,None,Beginner Level,'Leadership and Management'
3464,Creativity And Entrepreneurship,https://coursera.org/learn/creativity-entrepreneurship,4.6,Beginner Level,'Leadership and Management'
3474,The Power of Team Culture,https://coursera.org/learn/team-culture,4.6,Beginner Level,'Leadership and Management'
3475,Six Sigma Tools for Analyze,https://coursera.org/learn/six-sigma-analyze,4.7,Beginner Level,'Business Essentials'
3477,Capstone Course: Start Up Your Fintech Future,https://coursera.org/learn/startup-fintech-capstone,None,Beginner Level,'Entrepreneurship'
3493,The Manager's Toolkit: A Practical Guide to Managing People at Work,https://coursera.org/learn/people-management,4.6,None,'Leadership and Management'
3501,Connecting with Sales Prospects,https://coursera.org/learn/connecting-with-sales-prospects,4.8,Beginner Level,'Leadership and Management'
3502,High-Impact Business Writing,https://coursera.org/learn/business-writing,4.3,None,'Business Essentials'
3505,Getting Started with Google Sheets,https://coursera.org/learn/getting-started-with-google-sheets,4.6,Beginner Level,'Business Essentials'
3506,Work SmarterNot Harder: Time Management for Personal & Professional Productivity,https://coursera.org/learn/work-smarter-not-harder,4.3,None,'Business Essentials'
3523,Python and Machine Learning for Asset Management,https://coursera.org/learn/python-machine-learning-for-investment-management,3.5,Intermediate Level,'Finance'
3530,Capstone:  Create Value from Open Data,https://coursera.org/learn/strategic-business-analytics-capstone,3.9,None,'Business Strategy'
3536,Marketing en Redes Sociales Proyecto Final,https://coursera.org/learn/redes-sociales-proyecto,4.6,None,'Marketing'
3539,Capstone Project â€“ Analyzing a Real Transaction,https://coursera.org/learn/capstone-project-analyzing-a-real-transaction,None,Intermediate Level,'Finance'
3543,Selling to Chinese Consumers,https://coursera.org/learn/selling-to-chinese-consumers,4.7,Beginner Level,'Business Strategy'
3544,Marketing Digital,https://coursera.org/learn/estrategia-marketing-digital,4.8,Beginner Level,'Marketing'
3552,Supply Chain Management: A Learning Perspective,https://coursera.org/learn/supply-chain-management,4.6,None,'Business Strategy'
3554,Engineering Project Management: RiskQualityTeamsand Procurement,https://coursera.org/learn/project-risk-quality-management,4.8,Beginner Level,'Leadership and Management'
3558,The Fundamentals of Revenue Management: The Cornerstone of Revenue Strategy,https://coursera.org/learn/fundamentals-of-revenue-management,4.6,None,'Business Strategy'
3562,Portfolio Selection and Risk Management,https://coursera.org/learn/portfolio-selection-risk-management,4.6,None,'Finance'
3579,International Business Capstone,https://coursera.org/learn/international-business-capstone,4.7,None,'Business Essentials'
3589,Supply Chain Sourcing,https://coursera.org/learn/sourcing,4.7,Beginner Level,'Business Strategy'
3600,Oral Communication for Engineering Leaders,https://coursera.org/learn/oral-communication,4.7,None,'Leadership and Management'
3603,Conflict Transformation,https://coursera.org/learn/conflict-transformation,4.7,Beginner Level,'Business Essentials'
3605,Solving Complex Problems Capstone,https://coursera.org/learn/solving-complex-problems,4,Beginner Level,'Leadership and Management'
3609,Leading Organizations,https://coursera.org/learn/leading-organizations,4.7,None,'Leadership and Management'
3612,Valuation and Financial Analysis For Startups Capstone,https://coursera.org/learn/valuation-for-startups-project,None,Beginner Level,'Finance'
3616,Corporate & Commercial Law II: Business FormsFinancing & Governmental Regulation,https://coursera.org/learn/corporate-commercial-law-part2,4.8,Intermediate Level,'Business Essentials'
3618,Driving business towards the Sustainable Development Goals,https://coursera.org/learn/sdgbusiness,4.9,Beginner Level,'Business Essentials'
3628,Creating and Developing a Tech Startup,https://coursera.org/learn/tech-startup,4.2,None,'Entrepreneurship'
3635,Biases and Portfolio Selection,https://coursera.org/learn/biases-portfolio-selection,4.5,None,'Finance'
3637,Bonds & Stocks,https://coursera.org/learn/bonds-and-stocks,4.7,Beginner Level,'Finance'
3651,Financing and Profiting from Innovation for Corporate Entrepreneurs,https://coursera.org/learn/corporate-entrepreneurs-financing,4.6,Beginner Level,'Entrepreneurship'
3652,Sport Sponsorship. Let them Play,https://coursera.org/learn/sport-sponsorship,4.4,Beginner Level,'Marketing'
3654,Digital Marketing Capstone,https://coursera.org/learn/digital-marketing-capstone,4.5,None,'Marketing'
3657,Leading Teams,https://coursera.org/learn/leading-teams,4.7,None,'Leadership and Management'
3663,Personal & Family Financial Planning,https://coursera.org/learn/family-planning,4.6,None,'Finance'
3665,Moving to the Cloud,https://coursera.org/learn/cloud-computing-adoption,4.5,Beginner Level,'Business Strategy'
3668,International Marketing Entry and Execution,https://coursera.org/learn/international-marketing-entry-execution,4.7,None,'Marketing'
3669,Advanced Content and Social Tactics to Optimize SEO,https://coursera.org/learn/seo-tactics,4.5,Intermediate Level,'Marketing'
3671,Six Sigma Tools for Define and Measure,https://coursera.org/learn/six-sigma-tools-define-measure,4.6,Beginner Level,'Business Essentials'
3675,Understanding Financial Statements: Company Position,https://coursera.org/learn/financial-statements,4.7,Beginner Level,'Business Essentials'
3685,Organizational Analysis,https://coursera.org/learn/organizational-analysis,4.7,Beginner Level,'Leadership and Management'
3687,Sports Marketing,https://coursera.org/learn/sports-marketing,4.8,Intermediate Level,'Marketing'
3691,Innovation and emerging technology: Be disruptive,https://coursera.org/learn/innovation-technology-be-disruptive,4.9,Beginner Level,'Leadership and Management'
3692,Business Strategies for Social Impact,https://coursera.org/learn/wharton-social-impact,4.6,None,'Business Strategy'
3696,Introduction to Social Media Analytics,https://coursera.org/learn/social-media-analytics-introduction,4.4,None,'Marketing'
3703,Research Report: Delivering Insights,https://coursera.org/learn/marketing-research-report,4.1,Intermediate Level,'Marketing'
3708,Developing An Entrepreneurial Mindset: First Step Towards Success,https://coursera.org/learn/entrepreneurial-mindset,4.3,None,'Entrepreneurship'
3711,Designing the Organization: From Strategy to Organizational Structure,https://coursera.org/learn/designing-organization,4.5,None,'Leadership and Management'
3715,Collaborative Foresight: How to Game the Future,https://coursera.org/learn/collaborative-foresight,4.9,Beginner Level,'Business Essentials'
3732,Investments II: Lessons and Applications for Investors,https://coursera.org/learn/investments-applications,4.8,None,'Finance'
3738,Construction Scheduling,https://coursera.org/learn/construction-scheduling,4.8,Beginner Level,'Business Strategy'
3749,Sales Training: Techniques for a Human-Centric Sales Process,https://coursera.org/learn/sales-process-techniques-training,4.6,Beginner Level,'Business Essentials'
3751,Launch Strategy: 5 Steps to Capstone Experience,https://coursera.org/learn/launch-strategy,None,None,'Entrepreneurship'
3754,Planned Giving,https://coursera.org/learn/planned-giving,4.3,Beginner Level,'Business Strategy'
3757,International Business Environment,https://coursera.org/learn/global-business-environment,4.7,None,'Business Essentials'
3762,Investment Management in an Evolving and Volatile World by HEC Paris and AXA Investment Managers,https://coursera.org/learn/investment-management,4.6,Intermediate Level,'Finance'
3775,Renewable Energy and Green Building Entrepreneurship,https://coursera.org/learn/renewable-energy-entrepreneurship,4.7,Beginner Level,'Entrepreneurship'
3776,A Business Approach to Sustainable Landscape Restoration,https://coursera.org/learn/landscape-restoration-sustainable-development,4.7,Beginner Level,'Business Essentials'
3777,Negotiation  Fundamentals,https://coursera.org/learn/negotiation-fundamentals,4.7,Beginner Level,'Leadership and Management'
3778,Boosting Creativity for Innovation,https://coursera.org/learn/boosting-creativity-innovation,4.8,Beginner Level,'Entrepreneurship'
3781,Leadership in 21st Century Organizations,https://coursera.org/learn/leadership-21st-century,4.8,None,'Leadership and Management'
3787,Applications of Everyday Leadership,https://coursera.org/learn/everyday-leadership-application,4.8,None,'Leadership and Management'
3794,Industrial Organization: Strategy and Competition in Business,https://coursera.org/learn/industrial-organization,4.9,None,'Business Strategy'
3800,Influence,https://coursera.org/learn/wharton-influence,4.8,Beginner Level,'Leadership and Management'
3816,Introduction to Supply Chain Finance & Blockchain Technology,https://coursera.org/learn/introduction-supply-chain-finance-blockchain-technology,4.6,Intermediate Level,'Business Strategy'
3818,Influencing People,https://coursera.org/learn/influencing-people,4.7,None,'Business Essentials'
3830,Foundations of marketing analytics,https://coursera.org/learn/foundations-marketing-analytics,4.5,None,'Marketing'
3832,The Art of Negotiation,https://coursera.org/learn/art-of-negotiation,4.3,None,'Business Essentials'
3835,European Business Law: Competing in Europe,https://coursera.org/learn/eu-competition-law,4.7,None,'Business Essentials'
3840,Infonomics II: Business Information Management and Measurement,https://coursera.org/learn/infonomics-2,4.6,None,'Business Strategy'
